{"cameraMode":{"drawMode":0,"name":"Shaded","section":"Shading Mode"},"sceneLighting":false,"audioPlay":false,"sceneViewState":{"m_AlwaysRefresh":false,"showFog":true,"showSkybox":false,"showFlares":true,"showImageEffects":true,"showParticleSystems":true,"showVisualEffectGraphs":true,"m_FxEnabled":true},"in2DMode":false,"pivot":{"x":-0.0009110569953918457,"y":0.2047988474369049,"z":0.24095439910888673},"rotation":{"x":-0.10847187787294388,"y":0.7417589426040649,"z":-0.12374723702669144,"w":-0.6501777172088623},"size":2.1384739875793459,"orthographic":false}